<?xml version="1.0" encoding="UTF-8"?>
<metadata xml:lang="en"><Esri><CreaDate>20201112</CreaDate><CreaTime>20592000</CreaTime><ArcGISFormat>1.0</ArcGISFormat><SyncOnce>FALSE</SyncOnce><DataProperties><itemProps><itemName Sync="TRUE">USA_Route_final</itemName><imsContentType Sync="TRUE">002</imsContentType><itemLocation><linkage Sync="TRUE">file://\\RAVIRAJ-PC\D$\IITGN\PhD\COVID-19_challange\Route_shp\USA_Route_final.shp</linkage><protocol Sync="TRUE">Local Area Network</protocol></itemLocation><itemSize Sync="TRUE">0.000</itemSize></itemProps><coordRef><type Sync="TRUE">Geographic</type><geogcsn Sync="TRUE">GCS_WGS_1984</geogcsn><csUnits Sync="TRUE">Angular Unit: Degree (0.017453)</csUnits><peXml Sync="TRUE">&lt;GeographicCoordinateSystem xsi:type='typens:GeographicCoordinateSystem' xmlns:xsi='http://www.w3.org/2001/XMLSchema-instance' xmlns:xs='http://www.w3.org/2001/XMLSchema' xmlns:typens='http://www.esri.com/schemas/ArcGIS/10.5'&gt;&lt;WKT&gt;GEOGCS[&amp;quot;GCS_WGS_1984&amp;quot;,DATUM[&amp;quot;D_WGS_1984&amp;quot;,SPHEROID[&amp;quot;WGS_1984&amp;quot;,6378137.0,298.257223563]],PRIMEM[&amp;quot;Greenwich&amp;quot;,0.0],UNIT[&amp;quot;Degree&amp;quot;,0.0174532925199433],AUTHORITY[&amp;quot;EPSG&amp;quot;,4326]],VERTCS[&amp;quot;EGM96_Geoid&amp;quot;,VDATUM[&amp;quot;EGM96_Geoid&amp;quot;],PARAMETER[&amp;quot;Vertical_Shift&amp;quot;,0.0],PARAMETER[&amp;quot;Direction&amp;quot;,1.0],UNIT[&amp;quot;Meter&amp;quot;,1.0],AUTHORITY[&amp;quot;EPSG&amp;quot;,5773]]&lt;/WKT&gt;&lt;XOrigin&gt;-400&lt;/XOrigin&gt;&lt;YOrigin&gt;-400&lt;/YOrigin&gt;&lt;XYScale&gt;11258999068426.238&lt;/XYScale&gt;&lt;ZOrigin&gt;-100000&lt;/ZOrigin&gt;&lt;ZScale&gt;10000&lt;/ZScale&gt;&lt;MOrigin&gt;-100000&lt;/MOrigin&gt;&lt;MScale&gt;10000&lt;/MScale&gt;&lt;XYTolerance&gt;8.983152841195215e-009&lt;/XYTolerance&gt;&lt;ZTolerance&gt;0.001&lt;/ZTolerance&gt;&lt;MTolerance&gt;0.001&lt;/MTolerance&gt;&lt;HighPrecision&gt;true&lt;/HighPrecision&gt;&lt;LeftLongitude&gt;-180&lt;/LeftLongitude&gt;&lt;WKID&gt;4326&lt;/WKID&gt;&lt;LatestWKID&gt;4326&lt;/LatestWKID&gt;&lt;VCSWKID&gt;5773&lt;/VCSWKID&gt;&lt;LatestVCSWKID&gt;5773&lt;/LatestVCSWKID&gt;&lt;/GeographicCoordinateSystem&gt;</peXml></coordRef><lineage><Process ToolSource="d:\arcgis\desktop10.5\ArcToolbox\Toolboxes\Data Management Tools.tbx\Merge" Date="20201112" Time="163425">Merge USA_51to55;USA_41to50;USA_31to40 C:\Users\Raviraj\Documents\ArcGIS\Default.gdb\USA_51to55_Merge "OID_ "OID_" true true false 10 Long 0 10 ,First,#,USA_51to55,OID_,-1,-1,USA_41to50,OID_,-1,-1,USA_31to40,OID_,-1,-1;Name "Name" true true false 254 Text 0 0 ,First,#,USA_51to55,Name,-1,-1,USA_41to50,Name,-1,-1,USA_31to40,Name,-1,-1;FolderPath "FolderPath" true true false 254 Text 0 0 ,First,#,USA_51to55,FolderPath,-1,-1,USA_41to50,FolderPath,-1,-1,USA_31to40,FolderPath,-1,-1;SymbolID "SymbolID" true true false 10 Long 0 10 ,First,#,USA_51to55,SymbolID,-1,-1,USA_41to50,SymbolID,-1,-1,USA_31to40,SymbolID,-1,-1;AltMode "AltMode" true true false 5 Long 0 5 ,First,#,USA_51to55,AltMode,-1,-1,USA_41to50,AltMode,-1,-1,USA_31to40,AltMode,-1,-1;Base "Base" true true false 19 Double 0 0 ,First,#,USA_51to55,Base,-1,-1,USA_41to50,Base,-1,-1,USA_31to40,Base,-1,-1;Clamped "Clamped" true true false 5 Long 0 5 ,First,#,USA_51to55,Clamped,-1,-1,USA_41to50,Clamped,-1,-1,USA_31to40,Clamped,-1,-1;Extruded "Extruded" true true false 5 Long 0 5 ,First,#,USA_51to55,Extruded,-1,-1,USA_41to50,Extruded,-1,-1,USA_31to40,Extruded,-1,-1;Snippet "Snippet" true true false 254 Text 0 0 ,First,#,USA_51to55,Snippet,-1,-1,USA_41to50,Snippet,-1,-1,USA_31to40,Snippet,-1,-1;PopupInfo "PopupInfo" true true false 254 Text 0 0 ,First,#,USA_51to55,PopupInfo,-1,-1,USA_41to50,PopupInfo,-1,-1,USA_31to40,PopupInfo,-1,-1;Shape_Leng "Shape_Leng" true true false 19 Double 0 0 ,First,#,USA_51to55,Shape_Leng,-1,-1,USA_41to50,Shape_Leng,-1,-1,USA_31to40,Shape_Leng,-1,-1"</Process><Process ToolSource="d:\arcgis\desktop10.5\ArcToolbox\Toolboxes\Data Management Tools.tbx\Merge" Date="20201112" Time="163553">Merge USA_51to55_Merge;USA_11to20;USA_1to10;USA_21to30 C:\Users\Raviraj\Documents\ArcGIS\Default.gdb\USA_51to55_Merge_Merge "OID_ "OID_" true true false 4 Long 0 0 ,First,#,USA_51to55_Merge,OID_,-1,-1,USA_21to30,OID_,-1,-1;Name "Name" true true false 254 Text 0 0 ,First,#,USA_51to55_Merge,Name,-1,-1,USA_11to20,Name,-1,-1,USA_1to10,Name,-1,-1,USA_21to30,Name,-1,-1;FolderPath "FolderPath" true true false 254 Text 0 0 ,First,#,USA_51to55_Merge,FolderPath,-1,-1,USA_11to20,FolderPath,-1,-1,USA_1to10,FolderPath,-1,-1,USA_21to30,FolderPath,-1,-1;SymbolID "SymbolID" true true false 4 Long 0 0 ,First,#,USA_51to55_Merge,SymbolID,-1,-1,USA_21to30,SymbolID,-1,-1;AltMode "AltMode" true true false 4 Long 0 0 ,First,#,USA_51to55_Merge,AltMode,-1,-1,USA_21to30,AltMode,-1,-1;Base "Base" true true false 8 Double 0 0 ,First,#,USA_51to55_Merge,Base,-1,-1,USA_21to30,Base,-1,-1;Clamped "Clamped" true true false 4 Long 0 0 ,First,#,USA_51to55_Merge,Clamped,-1,-1,USA_21to30,Clamped,-1,-1;Extruded "Extruded" true true false 4 Long 0 0 ,First,#,USA_51to55_Merge,Extruded,-1,-1,USA_21to30,Extruded,-1,-1;Snippet "Snippet" true true false 254 Text 0 0 ,First,#,USA_51to55_Merge,Snippet,-1,-1,USA_21to30,Snippet,-1,-1;PopupInfo "PopupInfo" true true false 254 Text 0 0 ,First,#,USA_51to55_Merge,PopupInfo,-1,-1,USA_21to30,PopupInfo,-1,-1;Shape_Leng "Shape_Leng" true true false 8 Double 0 0 ,First,#,USA_51to55_Merge,Shape_Leng,-1,-1,USA_21to30,Shape_Leng,-1,-1;Shape_Length "Shape_Length" false true true 8 Double 0 0 ,First,#,USA_51to55_Merge,Shape_Length,-1,-1"</Process><Process ToolSource="d:\arcgis\desktop10.5\ArcToolbox\Toolboxes\Data Management Tools.tbx\Merge" Date="20201112" Time="165541">Merge Ravi_1to55_merge_Merge;USA_56to65;USA_66to75;USA_76to85;USA_86to95;USA_96to105 C:\Users\Raviraj\Documents\ArcGIS\Default.gdb\Ravi_1to55_merge_Merge_Merge "OBJECTID "OBJECTID" true true false 4 Long 0 0 ,First,#,Ravi_1to55_merge_Merge,OBJECTID,-1,-1;OID_ "OID_" true true false 4 Long 0 0 ,First,#,Ravi_1to55_merge_Merge,OID_,-1,-1,USA_56to65,OID_,-1,-1,USA_66to75,OID_,-1,-1,USA_76to85,OID_,-1,-1,USA_86to95,OID_,-1,-1,USA_96to105,OID_,-1,-1;Name "Name" true true false 254 Text 0 0 ,First,#,Ravi_1to55_merge_Merge,Name,-1,-1,USA_56to65,Name,-1,-1,USA_66to75,Name,-1,-1,USA_76to85,Name,-1,-1,USA_86to95,Name,-1,-1,USA_96to105,Name,-1,-1;FolderPath "FolderPath" true true false 254 Text 0 0 ,First,#,Ravi_1to55_merge_Merge,FolderPath,-1,-1,USA_56to65,FolderPath,-1,-1,USA_66to75,FolderPath,-1,-1,USA_76to85,FolderPath,-1,-1,USA_86to95,FolderPath,-1,-1,USA_96to105,FolderPath,-1,-1;SymbolID "SymbolID" true true false 4 Long 0 0 ,First,#,Ravi_1to55_merge_Merge,SymbolID,-1,-1,USA_56to65,SymbolID,-1,-1,USA_66to75,SymbolID,-1,-1,USA_76to85,SymbolID,-1,-1,USA_86to95,SymbolID,-1,-1,USA_96to105,SymbolID,-1,-1;AltMode "AltMode" true true false 4 Long 0 0 ,First,#,Ravi_1to55_merge_Merge,AltMode,-1,-1,USA_56to65,AltMode,-1,-1,USA_66to75,AltMode,-1,-1,USA_76to85,AltMode,-1,-1,USA_86to95,AltMode,-1,-1,USA_96to105,AltMode,-1,-1;Base "Base" true true false 8 Double 0 0 ,First,#,Ravi_1to55_merge_Merge,Base,-1,-1,USA_56to65,Base,-1,-1,USA_66to75,Base,-1,-1,USA_76to85,Base,-1,-1,USA_86to95,Base,-1,-1,USA_96to105,Base,-1,-1;Clamped "Clamped" true true false 4 Long 0 0 ,First,#,Ravi_1to55_merge_Merge,Clamped,-1,-1,USA_56to65,Clamped,-1,-1,USA_66to75,Clamped,-1,-1,USA_76to85,Clamped,-1,-1,USA_86to95,Clamped,-1,-1,USA_96to105,Clamped,-1,-1;Extruded "Extruded" true true false 4 Long 0 0 ,First,#,Ravi_1to55_merge_Merge,Extruded,-1,-1,USA_56to65,Extruded,-1,-1,USA_66to75,Extruded,-1,-1,USA_76to85,Extruded,-1,-1,USA_86to95,Extruded,-1,-1,USA_96to105,Extruded,-1,-1;Snippet "Snippet" true true false 254 Text 0 0 ,First,#,Ravi_1to55_merge_Merge,Snippet,-1,-1,USA_56to65,Snippet,-1,-1,USA_66to75,Snippet,-1,-1,USA_76to85,Snippet,-1,-1,USA_86to95,Snippet,-1,-1,USA_96to105,Snippet,-1,-1;PopupInfo "PopupInfo" true true false 254 Text 0 0 ,First,#,Ravi_1to55_merge_Merge,PopupInfo,-1,-1,USA_56to65,PopupInfo,-1,-1,USA_66to75,PopupInfo,-1,-1,USA_76to85,PopupInfo,-1,-1,USA_86to95,PopupInfo,-1,-1,USA_96to105,PopupInfo,-1,-1"</Process><Process ToolSource="d:\arcgis\desktop10.5\ArcToolbox\Toolboxes\Data Management Tools.tbx\Merge" Date="20201112" Time="173525">Merge Ravi_1to55_merge_Merge_Merge;USA_106to110;USA_111to120;USA_121to130;USA_131to140;USA_141to150;USA_151to160;USA_161to170 C:\Users\Raviraj\Documents\ArcGIS\Default.gdb\Ravi_1to55_merge_Merge_Merge2 "OBJECTID "OBJECTID" true true false 4 Long 0 0 ,First,#,Ravi_1to55_merge_Merge_Merge,OBJECTID,-1,-1;OID_ "OID_" true true false 4 Long 0 0 ,First,#,Ravi_1to55_merge_Merge_Merge,OID_,-1,-1,USA_106to110,OID_,-1,-1,USA_111to120,OID_,-1,-1,USA_121to130,OID_,-1,-1,USA_131to140,OID_,-1,-1,USA_141to150,OID_,-1,-1,USA_151to160,OID_,-1,-1,USA_161to170,OID_,-1,-1;Name "Name" true true false 254 Text 0 0 ,First,#,Ravi_1to55_merge_Merge_Merge,Name,-1,-1,USA_106to110,Name,-1,-1,USA_111to120,Name,-1,-1,USA_121to130,Name,-1,-1,USA_131to140,Name,-1,-1,USA_141to150,Name,-1,-1,USA_151to160,Name,-1,-1,USA_161to170,Name,-1,-1;FolderPath "FolderPath" true true false 254 Text 0 0 ,First,#,Ravi_1to55_merge_Merge_Merge,FolderPath,-1,-1,USA_106to110,FolderPath,-1,-1,USA_111to120,FolderPath,-1,-1,USA_121to130,FolderPath,-1,-1,USA_131to140,FolderPath,-1,-1,USA_141to150,FolderPath,-1,-1,USA_151to160,FolderPath,-1,-1,USA_161to170,FolderPath,-1,-1;SymbolID "SymbolID" true true false 4 Long 0 0 ,First,#,Ravi_1to55_merge_Merge_Merge,SymbolID,-1,-1,USA_106to110,SymbolID,-1,-1,USA_111to120,SymbolID,-1,-1,USA_121to130,SymbolID,-1,-1,USA_131to140,SymbolID,-1,-1,USA_141to150,SymbolID,-1,-1,USA_151to160,SymbolID,-1,-1,USA_161to170,SymbolID,-1,-1;AltMode "AltMode" true true false 4 Long 0 0 ,First,#,Ravi_1to55_merge_Merge_Merge,AltMode,-1,-1,USA_106to110,AltMode,-1,-1,USA_111to120,AltMode,-1,-1,USA_121to130,AltMode,-1,-1,USA_131to140,AltMode,-1,-1,USA_141to150,AltMode,-1,-1,USA_151to160,AltMode,-1,-1,USA_161to170,AltMode,-1,-1;Base "Base" true true false 8 Double 0 0 ,First,#,Ravi_1to55_merge_Merge_Merge,Base,-1,-1,USA_106to110,Base,-1,-1,USA_111to120,Base,-1,-1,USA_121to130,Base,-1,-1,USA_131to140,Base,-1,-1,USA_141to150,Base,-1,-1,USA_151to160,Base,-1,-1,USA_161to170,Base,-1,-1;Clamped "Clamped" true true false 4 Long 0 0 ,First,#,Ravi_1to55_merge_Merge_Merge,Clamped,-1,-1,USA_106to110,Clamped,-1,-1,USA_111to120,Clamped,-1,-1,USA_121to130,Clamped,-1,-1,USA_131to140,Clamped,-1,-1,USA_141to150,Clamped,-1,-1,USA_151to160,Clamped,-1,-1,USA_161to170,Clamped,-1,-1;Extruded "Extruded" true true false 4 Long 0 0 ,First,#,Ravi_1to55_merge_Merge_Merge,Extruded,-1,-1,USA_106to110,Extruded,-1,-1,USA_111to120,Extruded,-1,-1,USA_121to130,Extruded,-1,-1,USA_131to140,Extruded,-1,-1,USA_141to150,Extruded,-1,-1,USA_151to160,Extruded,-1,-1,USA_161to170,Extruded,-1,-1;Snippet "Snippet" true true false 254 Text 0 0 ,First,#,Ravi_1to55_merge_Merge_Merge,Snippet,-1,-1,USA_106to110,Snippet,-1,-1,USA_111to120,Snippet,-1,-1,USA_121to130,Snippet,-1,-1,USA_131to140,Snippet,-1,-1,USA_141to150,Snippet,-1,-1,USA_151to160,Snippet,-1,-1,USA_161to170,Snippet,-1,-1;PopupInfo "PopupInfo" true true false 254 Text 0 0 ,First,#,Ravi_1to55_merge_Merge_Merge,PopupInfo,-1,-1,USA_106to110,PopupInfo,-1,-1,USA_111to120,PopupInfo,-1,-1,USA_121to130,PopupInfo,-1,-1,USA_131to140,PopupInfo,-1,-1,USA_141to150,PopupInfo,-1,-1,USA_151to160,PopupInfo,-1,-1,USA_161to170,PopupInfo,-1,-1"</Process><Process ToolSource="d:\arcgis\desktop10.5\ArcToolbox\Toolboxes\Conversion Tools.tbx\FeatureClassToFeatureClass" Date="20201112" Time="182318">FeatureClassToFeatureClass Ravi_1to170_merge C:\Users\Raviraj\Documents\ArcGIS\Default.gdb\Topology Ravi_1to170_merge_new # "OBJECTID_1 "OBJECTID_1" true true false 10 Long 0 10 ,First,#,Ravi_1to170_merge,OBJECTID_1,-1,-1;OBJECTID "OBJECTID" true true false 10 Long 0 10 ,First,#,Ravi_1to170_merge,OBJECTID,-1,-1;OID_ "OID_" true true false 10 Long 0 10 ,First,#,Ravi_1to170_merge,OID_,-1,-1;Name "Name" true true false 254 Text 0 0 ,First,#,Ravi_1to170_merge,Name,-1,-1;FolderPath "FolderPath" true true false 254 Text 0 0 ,First,#,Ravi_1to170_merge,FolderPath,-1,-1;SymbolID "SymbolID" true true false 10 Long 0 10 ,First,#,Ravi_1to170_merge,SymbolID,-1,-1;AltMode "AltMode" true true false 10 Long 0 10 ,First,#,Ravi_1to170_merge,AltMode,-1,-1;Base "Base" true true false 19 Double 0 0 ,First,#,Ravi_1to170_merge,Base,-1,-1;Clamped "Clamped" true true false 10 Long 0 10 ,First,#,Ravi_1to170_merge,Clamped,-1,-1;Extruded "Extruded" true true false 10 Long 0 10 ,First,#,Ravi_1to170_merge,Extruded,-1,-1;Snippet "Snippet" true true false 254 Text 0 0 ,First,#,Ravi_1to170_merge,Snippet,-1,-1;PopupInfo "PopupInfo" true true false 254 Text 0 0 ,First,#,Ravi_1to170_merge,PopupInfo,-1,-1;Shape_Leng "Shape_Leng" true true false 19 Double 0 0 ,First,#,Ravi_1to170_merge,Shape_Leng,-1,-1" #</Process><Process ToolSource="d:\arcgis\desktop10.5\ArcToolbox\Toolboxes\Data Management Tools.tbx\Merge" Date="20201112" Time="210852">Merge final_1;USA_new D:\IITGN\PhD\COVID-19_challange\Route_shp\USA_Route_final.shp "OBJECTID_1 "OBJECTID_1" true true false 10 Long 0 10 ,First,#,final_1,OBJECTID_1,-1,-1;OBJECTID_2 "OBJECTID_2" true true false 10 Long 0 10 ,First,#,final_1,OBJECTID_2,-1,-1;OBJECTID "OBJECTID" true true false 10 Long 0 10 ,First,#,final_1,OBJECTID,-1,-1;OID_ "OID_" true true false 10 Long 0 10 ,First,#,final_1,OID_,-1,-1,USA_new,OID_,-1,-1;Name "Name" true true false 254 Text 0 0 ,First,#,final_1,Name,-1,-1,USA_new,Name,-1,-1;FolderPath "FolderPath" true true false 254 Text 0 0 ,First,#,final_1,FolderPath,-1,-1,USA_new,FolderPath,-1,-1;SymbolID "SymbolID" true true false 10 Long 0 10 ,First,#,final_1,SymbolID,-1,-1,USA_new,SymbolID,-1,-1;AltMode "AltMode" true true false 10 Long 0 10 ,First,#,final_1,AltMode,-1,-1,USA_new,AltMode,-1,-1;Base "Base" true true false 19 Double 0 0 ,First,#,final_1,Base,-1,-1,USA_new,Base,-1,-1;Clamped "Clamped" true true false 10 Long 0 10 ,First,#,final_1,Clamped,-1,-1,USA_new,Clamped,-1,-1;Extruded "Extruded" true true false 10 Long 0 10 ,First,#,final_1,Extruded,-1,-1,USA_new,Extruded,-1,-1;Snippet "Snippet" true true false 254 Text 0 0 ,First,#,final_1,Snippet,-1,-1,USA_new,Snippet,-1,-1;PopupInfo "PopupInfo" true true false 254 Text 0 0 ,First,#,final_1,PopupInfo,-1,-1,USA_new,PopupInfo,-1,-1"</Process></lineage></DataProperties><SyncDate>20201112</SyncDate><SyncTime>21084900</SyncTime><ModDate>20201112</ModDate><ModTime>21084900</ModTime></Esri><dataIdInfo><envirDesc Sync="TRUE"> Version 6.2 (Build 9200) ; Esri ArcGIS 10.5.0.6491</envirDesc><dataLang><languageCode value="eng" Sync="TRUE"></languageCode><countryCode value="USA" Sync="TRUE"></countryCode></dataLang><idCitation><resTitle Sync="TRUE">USA_Route_final</resTitle><presForm><PresFormCd value="005" Sync="TRUE"></PresFormCd></presForm></idCitation><spatRpType><SpatRepTypCd value="001" Sync="TRUE"></SpatRepTypCd></spatRpType></dataIdInfo><mdLang><languageCode value="eng" Sync="TRUE"></languageCode><countryCode value="USA" Sync="TRUE"></countryCode></mdLang><distInfo><distFormat><formatName Sync="TRUE">Shapefile</formatName></distFormat><distTranOps><transSize Sync="TRUE">0.000</transSize></distTranOps></distInfo><mdHrLv><ScopeCd value="005" Sync="TRUE"></ScopeCd></mdHrLv><mdHrLvName Sync="TRUE">dataset</mdHrLvName><refSysInfo><RefSystem><refSysID><identCode code="4326" Sync="TRUE"></identCode><idCodeSpace Sync="TRUE">EPSG</idCodeSpace><idVersion Sync="TRUE">6.14(3.0.1)</idVersion></refSysID></RefSystem></refSysInfo><spatRepInfo><VectSpatRep><geometObjs Name="USA_Route_final"><geoObjTyp><GeoObjTypCd value="002" Sync="TRUE"></GeoObjTypCd></geoObjTyp><geoObjCnt Sync="TRUE">0</geoObjCnt></geometObjs><topLvl><TopoLevCd value="001" Sync="TRUE"></TopoLevCd></topLvl></VectSpatRep></spatRepInfo><spdoinfo><ptvctinf><esriterm Name="USA_Route_final"><efeatyp Sync="TRUE">Simple</efeatyp><efeageom code="3" Sync="TRUE"></efeageom><esritopo Sync="TRUE">FALSE</esritopo><efeacnt Sync="TRUE">0</efeacnt><spindex Sync="TRUE">FALSE</spindex><linrefer Sync="TRUE">TRUE</linrefer></esriterm></ptvctinf></spdoinfo><eainfo><detailed Name="USA_Route_final"><enttyp><enttypl Sync="TRUE">USA_Route_final</enttypl><enttypt Sync="TRUE">Feature Class</enttypt><enttypc Sync="TRUE">0</enttypc></enttyp><attr><attrlabl Sync="TRUE">FID</attrlabl><attalias Sync="TRUE">FID</attalias><attrtype Sync="TRUE">OID</attrtype><attwidth Sync="TRUE">4</attwidth><atprecis Sync="TRUE">0</atprecis><attscale Sync="TRUE">0</attscale><attrdef Sync="TRUE">Internal feature number.</attrdef><attrdefs Sync="TRUE">Esri</attrdefs><attrdomv><udom Sync="TRUE">Sequential unique whole numbers that are automatically generated.</udom></attrdomv></attr><attr><attrlabl Sync="TRUE">OBJECTID_1</attrlabl><attalias Sync="TRUE">OBJECTID_1</attalias><attrtype Sync="TRUE">Integer</attrtype><attwidth Sync="TRUE">10</attwidth><atprecis Sync="TRUE">10</atprecis><attscale Sync="TRUE">0</attscale><attrdef Sync="TRUE">Internal feature number.</attrdef><attrdefs Sync="TRUE">Esri</attrdefs><attrdomv><udom Sync="TRUE">Sequential unique whole numbers that are automatically generated.</udom></attrdomv></attr><attr><attrlabl Sync="TRUE">OBJECTID</attrlabl><attalias Sync="TRUE">OBJECTID</attalias><attrtype Sync="TRUE">Integer</attrtype><attwidth Sync="TRUE">10</attwidth><atprecis Sync="TRUE">10</atprecis><attscale Sync="TRUE">0</attscale><attrdef Sync="TRUE">Internal feature number.</attrdef><attrdefs Sync="TRUE">Esri</attrdefs><attrdomv><udom Sync="TRUE">Sequential unique whole numbers that are automatically generated.</udom></attrdomv></attr><attr><attrlabl Sync="TRUE">OBJECTID_2</attrlabl><attalias Sync="TRUE">OBJECTID_2</attalias><attrtype Sync="TRUE">Integer</attrtype><attwidth Sync="TRUE">10</attwidth><atprecis Sync="TRUE">10</atprecis><attscale Sync="TRUE">0</attscale></attr><attr><attrlabl Sync="TRUE">Shape</attrlabl><attalias Sync="TRUE">Shape</attalias><attrtype Sync="TRUE">Geometry</attrtype><attwidth Sync="TRUE">0</attwidth><atprecis Sync="TRUE">0</atprecis><attscale Sync="TRUE">0</attscale><attrdef Sync="TRUE">Feature geometry.</attrdef><attrdefs Sync="TRUE">Esri</attrdefs><attrdomv><udom Sync="TRUE">Coordinates defining the features.</udom></attrdomv></attr><attr><attrlabl Sync="TRUE">OID_</attrlabl><attalias Sync="TRUE">OID_</attalias><attrtype Sync="TRUE">Integer</attrtype><attwidth Sync="TRUE">10</attwidth><atprecis Sync="TRUE">10</atprecis><attscale Sync="TRUE">0</attscale></attr><attr><attrlabl Sync="TRUE">Name</attrlabl><attalias Sync="TRUE">Name</attalias><attrtype Sync="TRUE">String</attrtype><attwidth Sync="TRUE">254</attwidth><atprecis Sync="TRUE">0</atprecis><attscale Sync="TRUE">0</attscale></attr><attr><attrlabl Sync="TRUE">FolderPath</attrlabl><attalias Sync="TRUE">FolderPath</attalias><attrtype Sync="TRUE">String</attrtype><attwidth Sync="TRUE">254</attwidth><atprecis Sync="TRUE">0</atprecis><attscale Sync="TRUE">0</attscale></attr><attr><attrlabl Sync="TRUE">SymbolID</attrlabl><attalias Sync="TRUE">SymbolID</attalias><attrtype Sync="TRUE">Integer</attrtype><attwidth Sync="TRUE">10</attwidth><atprecis Sync="TRUE">10</atprecis><attscale Sync="TRUE">0</attscale></attr><attr><attrlabl Sync="TRUE">AltMode</attrlabl><attalias Sync="TRUE">AltMode</attalias><attrtype Sync="TRUE">Integer</attrtype><attwidth Sync="TRUE">10</attwidth><atprecis Sync="TRUE">10</atprecis><attscale Sync="TRUE">0</attscale></attr><attr><attrlabl Sync="TRUE">Base</attrlabl><attalias Sync="TRUE">Base</attalias><attrtype Sync="TRUE">Double</attrtype><attwidth Sync="TRUE">19</attwidth><atprecis Sync="TRUE">0</atprecis><attscale Sync="TRUE">0</attscale></attr><attr><attrlabl Sync="TRUE">Clamped</attrlabl><attalias Sync="TRUE">Clamped</attalias><attrtype Sync="TRUE">Integer</attrtype><attwidth Sync="TRUE">10</attwidth><atprecis Sync="TRUE">10</atprecis><attscale Sync="TRUE">0</attscale></attr><attr><attrlabl Sync="TRUE">Extruded</attrlabl><attalias Sync="TRUE">Extruded</attalias><attrtype Sync="TRUE">Integer</attrtype><attwidth Sync="TRUE">10</attwidth><atprecis Sync="TRUE">10</atprecis><attscale Sync="TRUE">0</attscale></attr><attr><attrlabl Sync="TRUE">Snippet</attrlabl><attalias Sync="TRUE">Snippet</attalias><attrtype Sync="TRUE">String</attrtype><attwidth Sync="TRUE">254</attwidth><atprecis Sync="TRUE">0</atprecis><attscale Sync="TRUE">0</attscale></attr><attr><attrlabl Sync="TRUE">PopupInfo</attrlabl><attalias Sync="TRUE">PopupInfo</attalias><attrtype Sync="TRUE">String</attrtype><attwidth Sync="TRUE">254</attwidth><atprecis Sync="TRUE">0</atprecis><attscale Sync="TRUE">0</attscale></attr></detailed></eainfo><mdDateSt Sync="TRUE">20201112</mdDateSt><mdChar><CharSetCd value="004" Sync="TRUE"></CharSetCd></mdChar></metadata>
